{
  "payout_addresses": {
    "11wC5KcbgrWRBb43cwADdVrxgyF8mndVC": {
      "name": "MiningCity",
      "link": "https://www.miningcity.com/"
    },
    "125K2xfiBdae42gSKiCGwi85Frpy1vHmGj": {
      "name": "UKRPool",
      "link": "https://ukrpool.com/"
    },
    "125m2H43pwKpSZjLhMQHneuTwTJN5qRyYu": {
      "name": "SpiderPool",
      "link": "https://www.spiderpool.com/"
    },
    "12Taz8FFXQ3E2AGn3ZW1SZM5bLnYGX4xR6": {
      "name": "Tangpool",
      "link": "https://www.tangpool.com/"
    },
    "12cKiMNhCtBhZRUBCnYXo8A4WQzMUtYjmR": {
      "name": "Sigmapool.com",
      "link": "https://sigmapool.com/"
    },
    "12dRugNcdxK39288NjcDV4GX7rMsKCGn6B": {
      "name": "AntPool",
      "link": "https://www.antpool.com/"
    },
    "12znnESiJ3bgCLftwwrg9wzQKN8fJtoBDa": {
      "name": "shawnp0wers",
      "link": "https://www.brainofshawn.com"
    },
    "13Sd8Y7nUao3z4bJFkZvCRXpFqHvLy49YY": {
      "name": "Telco 214",
      "link": "https://www.telco214.com"
    },
    "13hQVEstgo4iPQZv9C7VELnLWF7UWtF4Q3": {
      "name": "Bixin",
      "link": "https://haopool.com/"
    },
    "13vWXwzNF5Ef9SUXNTdr7de7MqiV4G1gnL": {
      "name": "Polmine",
      "link": "https://polmine.pl/"
    },
    "14M1pQ5KKeqmDrmqKyZEnaxAGJfBPrfWvQ": {
      "name": "Telco 214",
      "link": "https://www.telco214.com"
    },
    "14R2r9FkyDmyxGB9xUVwVLdgsX9YfdVamk": {
      "name": "BitcoinRussia",
      "link": "https://bitcoin-russia.ru"
    },
    "14hLEtxozmmih6Gg5xrGZLfx51bEMj21NW": {
      "name": "Titan",
      "link": "https://www.titan.io/"
    },
    "14sA8jqYQgMRQV9zUtGFvpeMEw7YDn77SK": {
      "name": "Poolin",
      "link": "https://www.poolin.com/"
    },
    "14yfxkcpHnju97pecpM7fjuTkVdtbkcfE6": {
      "name": "BitFury",
      "link": "https://bitfury.com/"
    },
    "151T7r1MhizzJV6dskzzUkUdr7V8JxV2Dx": {
      "name": "myBTCcoin Pool",
      "link": "https://www.mybtccoin.com/"
    },
    "152f1muMCNa7goXYhYAQC61hxEgGacmncB": {
      "name": "BTCC",
      "link": "https://pool.btcc.com/"
    },
    "155fzsEBHy9Ri2bMQ8uuuR3tv1YzcDywd4": {
      "name": "BitClub",
      "link": "https://bitclubpool.com/"
    },
    "15MdAHnkxt9TMC2Rj595hsg8Hnv693pPBB": {
      "name": "MARA Pool",
      "link": "https://marathondh.com/"
    },
    "15MxzsutVroEE9XiDckLxUHTCDAEZgPZJi": {
      "name": "BTCDig",
      "link": "https://btcdig.com/"
    },
    "15kiNKfDWsq7UsPg87UwxA8rVvWAjzRkYS": {
      "name": "AntPool",
      "link": "https://www.antpool.com/"
    },
    "15rQXUSBQRubShPpiJfDLxmwS8ze2RUm4z": {
      "name": "21 Inc.",
      "link": "https://21.co/"
    },
    "15xiShqUqerfjFdyfgBH1K7Gwp6cbYmsTW": {
      "name": "EclipseMC",
      "link": "https://eclipsemc.com/"
    },
    "165GCEAx81wce33FWEnPCRhdjcXCrBJdKn": {
      "name": "BitcoinRussia",
      "link": "https://bitcoin-russia.ru"
    },
    "167ApWWxUSFQmz2jdz9xop3oAKdLejvMML": {
      "name": "BATPOOL",
      "link": "https://www.batpool.com/"
    },
    "16GsNC3q6KgVXkUX7j7aPxSUdHrt1sN2yN": {
      "name": "Eobot",
      "link": "https://eobot.com/"
    },
    "16JHXJ7M2MubWNX9grnqbjUqJ5PHwcCWw2": {
      "name": "OKKONG",
      "link": "https://hash.okkong.com"
    },
    "16MdTdqmXusauybtXTmFEW4GNFPPgGxQYE": {
      "name": "AntPool",
      "link": "https://www.antpool.com/"
    },
    "16cv7wyeG6RRqhvJpY21CnsjxuKj2gAoK2": {
      "name": "Polmine",
      "link": "https://polmine.pl/"
    },
    "16jnC5hVyjk4gE6BJtLqkkyfZHqXCB5PBu": {
      "name": "Polmine",
      "link": "https://polmine.pl/"
    },
    "16kUc5B48qnASbxeZTisCqTNx6G3DPXuKn": {
      "name": "AntPool",
      "link": "https://www.antpool.com/"
    },
    "16moWjUJVRnDQKqhoCdcszfJg9wzBdoTHw": {
      "name": "Binance Pool",
      "link": "https://pool.binance.com/"
    },
    "17JJ3oZyF4ShQMGukDjpMWhmooCjEvoVVB": {
      "name": "MegaBigPower",
      "link": "https://megabigpower.com/"
    },
    "17gVZssumiJqYMCHozHKXGyaAvyu6NCX6V": {
      "name": "AntPool",
      "link": "https://www.antpool.com/"
    },
    "17judvK4AC2M6KhaBbAEGw8CTKc9Pg8wup": {
      "name": "HotPool",
      "link": "https://hotpool.co/"
    },
    "17kkmDx8eSwj2JTTULb3HkJhCmexfysExz": {
      "name": "Polmine",
      "link": "https://polmine.pl/"
    },
    "17tUZLvy3X2557JGhceXRiij2TNYuhRr4r": {
      "name": "Poolin",
      "link": "https://www.poolin.com/"
    },
    "18EPLvrs2UE11kWBB3ABS7Crwj5tTBYPoa": {
      "name": "GoGreenLight",
      "link": "https://www.gogreenlight.se/"
    },
    "18HEMWFXM9UGPVZHUMdBPD3CMFWYn2NPRX": {
      "name": "shawnp0wers",
      "link": "https://www.brainofshawn.com"
    },
    "18Zcyxqna6h7Z7bRjhKvGpr8HSfieQWXqj": {
      "name": "Huobi Pool",
      "link": "https://www.hpt.com/"
    },
    "18ikmzPqk721ZNvWhDos1UL4H29w352Kj5": {
      "name": "Telco 214",
      "link": "https://www.telco214.com"
    },
    "18xf3MQvdVzKhyRvog8Q5P5THWvSjJUkzf": {
      "name": "MegaBigPower",
      "link": "https://megabigpower.com/"
    },
    "18zRehBcA2YkYvsC7dfQiFJNyjmWvXsvon": {
      "name": "Bitsolo",
      "link": "https://bitsolo.net/"
    },
    "197miJmttpCt2ubVs6DDtGBYFDroxHmvVB": {
      "name": "Patels",
      "link": "https://patelsminingpool.com/"
    },
    "199EDJoCpqV672qESEkfFgEqNT1iR2gj3t": {
      "name": "58COIN",
      "link": "https://www.58coin.com"
    },
    "19PkHafEN18mquJ9ChwZt5YEFoCdPP5vYB": {
      "name": "BitMinter",
      "link": "https://bitminter.com/"
    },
    "19RE4mz2UbDxDVougc6GGdoT4x5yXxwFq2": {
      "name": "Patels",
      "link": "https://patelsminingpool.com/"
    },
    "19qa95rTbDziNCS9EexUbh2hVY4viUU9tt": {
      "name": "HAOZHUZHU",
      "link": "https://haozhuzhu.com"
    },
    "1ACAgPuFFidYzPMXbiKptSrwT74Dg8hq2v": {
      "name": "DPOOL",
      "link": "https://www.dpool.top/"
    },
    "1AJQ3jXhUF8WiisEcuVd8Xmfq4QJ7n1SdL": {
      "name": "AntPool",
      "link": "https://www.antpool.com/"
    },
    "1ALA5v7h49QT7WYLcRsxcXqXUqEqaWmkvw": {
      "name": "CloudHashing",
      "link": "https://cloudhashing.com/"
    },
    "1AM2fYfpY3ZeMeCKXmN66haoWxvB89pJUx": {
      "name": "DPOOL",
      "link": "https://www.dpool.top/"
    },
    "1AZ6BkCo4zgTuuLpRStJH8iNsehXTMp456": {
      "name": "BitcoinIndia",
      "link": "https://pool.bitcoin-india.org/"
    },
    "1AajKXkaq2DsnDmP8ZPTrE5gH1HFo1x3AU": {
      "name": "Polmine",
      "link": "https://polmine.pl/"
    },
    "1AcAj9p6zJn4xLXdvmdiuPCtY7YkBPTAJo": {
      "name": "BitFury",
      "link": "https://bitfury.com/"
    },
    "1AePMyovoijxvHuKhTqWvpaAkRCF4QswC6": {
      "name": "Tricky's BTC Pool",
      "link": "https://pool.wemine.uk/"
    },
    "1Afcpc2FpPnREU6i52K3cicmHdvYRAH9Wo": {
      "name": "CANOE",
      "link": "https://www.canoepool.com"
    },
    "1AqTMY7kmHZxBuLUR5wJjPFUvqGs23sesr": {
      "name": "SlushPool",
      "link": "https://slushpool.com/"
    },
    "1ArTPjj6pV3aNRhLPjJVPYoxB98VLBzUmb": {
      "name": "KuCoin Pool",
      "link": "https://www.kucoin.com/mining-pool"
    },
    "1AsEJU4ht5wR7BzV6xsNQpwi5qRx4qH1ac": {
      "name": "Telco 214",
      "link": "https://www.telco214.com"
    },
    "1BGFwRzjCfRR7EvRHnzfHyFjGR8XiBDFKa": {
      "name": "Pega Pool",
      "link": "https://www.pega-pool.com/"
    },
    "1BRY8AD7vSNUEE75NjzfgiG18mWjGQSRuJ": {
      "name": "UNOMP",
      "link": "https://199.115.116.7:8925/"
    },
    "1BUhwvF9oo3qkaSjjPpWrUzQxXNjkHdMZF": {
      "name": "Telco 214",
      "link": "https://www.telco214.com"
    },
    "1BWW3pg5jb6rxebrNeo9TATarwJ1rthnoe": {
      "name": "AntPool",
      "link": "https://www.antpool.com/"
    },
    "1BX5YoLwvqzvVwSrdD4dC32vbouHQn2tuF": {
      "name": "Cointerra",
      "link": "https://cointerra.com/"
    },
    "1Bf9sZvBHPFGVPX71WX2njhd1NXKv5y7v5": {
      "name": "BTC.com",
      "link": "https://pool.btc.com"
    },
    "1BwZeHJo7b7M2op7VDfYnsmcpXsUYEcVHm": {
      "name": "BTC Nuggets",
      "link": "https://104.197.8.250/"
    },
    "1CK6KHY6MHgYvmRQ4PAafKYDrg1ejbH1cE": {
      "name": "SlushPool",
      "link": "https://slushpool.com/"
    },
    "1CNq2FAw6S5JfBiDkjkYJUVNQwjoeY4Zfi": {
      "name": "Telco 214",
      "link": "https://www.telco214.com"
    },
    "1Ca1KNQQo8akbrwTjjXuk8aikvC2pwodU2": {
      "name": "BTCPool",
      "link": ""
    },
    "1CdJi2xRTXJF6CEJqNHYyQDNEcM3X7fUhD": {
      "name": "21 Inc.",
      "link": "https://21.co/"
    },
    "1CjPR7Z5ZSyWk6WtXvSFgkptmpoi4UM9BC": {
      "name": "GHash.IO",
      "link": "https://ghash.io/"
    },
    "1Cs5RT9SRk1hxsdzivAfkjesNmVVJqfqkw": {
      "name": "EkanemBTC",
      "link": "https://ekanembtc.com/"
    },
    "1CyB8GJNEsNVXtPutB36nrDY3fMXBTzXSX": {
      "name": "AntPool",
      "link": "https://www.antpool.com/"
    },
    "1D4UZG4qo8bF1MuZHSEyBHRZaxT8inatXS": {
      "name": "AntPool",
      "link": "https://www.antpool.com/"
    },
    "1DDXyKUT6q3H9e5QXm2Gv6BNNWgztFG55g": {
      "name": "AntPool",
      "link": "https://www.antpool.com/"
    },
    "1DSh7vX6ed2cgTeKPwufV5i4hSi4pp373h": {
      "name": "Binance Pool",
      "link": "https://pool.binance.com/"
    },
    "1DXRoTT67mCbhdHHL1it4J1xsSZHHnFxYR": {
      "name": "Telco 214",
      "link": "https://www.telco214.com"
    },
    "1Dek9ArRHb9tyWb9gaaX8SWmkfi5V7U5Y6": {
      "name": "AntPool",
      "link": "https://www.antpool.com/"
    },
    "1DyR7HPQWjM6Zrnk7SzHVY2GEpXRGNNH9o": {
      "name": "AntPool",
      "link": "https://www.antpool.com/"
    },
    "1E18BNyobcoiejcDYAz5SjbrzifNDEpM88": {
      "name": "BCMonster",
      "link": "https://www.bcmonster.com"
    },
    "1E8CZo2S3CqWg1VZSJNFCTbtT8hZPuQ2kB": {
      "name": "Poolin",
      "link": "https://www.poolin.com/"
    },
    "1EMVSMe1VJUuqv7D7SFzctnVXk4KdjXATi": {
      "name": "Ultimus Pool",
      "link": "https://www.ultimuspool.com/en"
    },
    "1EepjXgvWUoRyNvuLSAxjiqZ1QqKGDANLW": {
      "name": "Huobi Pool",
      "link": "https://www.hpt.com/"
    },
    "1EowSPumj9D9AMTpE64Jr7vT3PJDNopVcz": {
      "name": "MiningKings",
      "link": "https://miningkings.com/"
    },
    "1F1xcRt8H8Wa623KqmkEontwAAVqDSAWCV": {
      "name": "1Hash",
      "link": "https://www.1hash.com/"
    },
    "1FFxkVijzvUPUeHgkFjBk2Qw8j3wQY2cDw": {
      "name": "Foundry USA",
      "link": "https://foundrydigital.com/"
    },
    "1FLH1SoLv4U68yUERhDiWzrJn5TggMqkaZ": {
      "name": "Waterhole",
      "link": "https://btc.waterhole.io/"
    },
    "1FdJkPdpXtK3t5utZHJAop3saLZWfPfgak": {
      "name": "AntPool",
      "link": "https://www.antpool.com/"
    },
    "1FeDtFhARLxjKUPPkQqEBL78tisenc9znS": {
      "name": "BitFury",
      "link": "https://bitfury.com/"
    },
    "1GBo1f2tzVx5jScV9kJXPUP9RjvYXuNzV7": {
      "name": "Nexious",
      "link": "https://nexious.com/"
    },
    "1GC6HxDvnchDdb5cGkFXsJMZBFRsKAXfwi": {
      "name": "21 Inc.",
      "link": "https://21.co/"
    },
    "1GNgwA8JfG7Kc8akJ8opdNWJUihqUztfPe": {
      "name": "Poolin",
      "link": "https://www.poolin.com/"
    },
    "1GP8eWArgpwRum76saJS4cZKCHWJHs9PQo": {
      "name": "CanoePool",
      "link": "https://www.canoepool.com/"
    },
    "1GRcX882sdBYCAWyG99iF2oz7j3nYzXhLM": {
      "name": "AntPool",
      "link": "https://www.antpool.com/"
    },
    "1GaKSh2t396nfSg5Ku2J3Yn1vfVsXrGuH5": {
      "name": "Telco 214",
      "link": "https://www.telco214.com"
    },
    "1Gp7iCzDGMZiV55Kt8uKsux6VyoHe1aJaN": {
      "name": "AntPool",
      "link": "https://www.antpool.com/"
    },
    "1H3u6R813MHGYhmGW6v86EYYriawRtACYD": {
      "name": "AntPool",
      "link": "https://www.antpool.com/"
    },
    "1Hk9gD8xMo2XBUhE73y5zXEM8xqgffTB5f": {
      "name": "8baochi",
      "link": "https://8baochi.com/"
    },
    "1Hz96kJKF2HLPGY15JWLB5m9qGNxvt8tHJ": {
      "name": "BTC.TOP",
      "link": "https://www.btc.top/"
    },
    "1JBVrhSSDrZrRmm4RnoWouqgGGqJMvWHi8": {
      "name": "AntPool",
      "link": "https://www.antpool.com/"
    },
    "1JLRXD8rjRgQtTS9MvfQALfHgGWau9L9ky": {
      "name": "BWPool",
      "link": "https://bwpool.net/"
    },
    "1JLc3JxvpdL1g5zoX8sKLP4BkJQiwnJftU": {
      "name": "7pool",
      "link": "https://7pool.com/"
    },
    "1JpKmtspBJQVXK67DJP64eBJcAPhDvJ9Er": {
      "name": "RigPool",
      "link": "https://www.rigpool.com"
    },
    "1JrYhdhP2jCY6JwuVzdk9jUwc4pctcSes7": {
      "name": "Polmine",
      "link": "https://polmine.pl/"
    },
    "1JvXhnHCi6XqcanvrZJ5s2Qiv4tsmm2UMy": {
      "name": "Binance Pool",
      "link": "https://pool.binance.com/"
    },
    "1JwUDWVSbAY5NeCBJhxQk1E8AfETfZuPj4": {
      "name": "AntPool",
      "link": "https://www.antpool.com/"
    },
    "1K7znxRfkS8R1hcmyMvHDum1hAQreS4VQ4": {
      "name": "MegaBigPower",
      "link": "https://megabigpower.com/"
    },
    "1K8PNogxBZ6ts532DZnzxdbjgzJLjLdXqz": {
      "name": "AntPool",
      "link": "https://www.antpool.com/"
    },
    "1KFHE7w8BhaENAswwryaoccDb6qcT6DbYY": {
      "name": "F2Pool",
      "link": "https://www.f2pool.com/"
    },
    "1KGbsDDAgJN2HDNBjmMHp9828qATo5B9c9": {
      "name": "MiningKings",
      "link": "https://miningkings.com/"
    },
    "1KPQkehgYAqwiC6UCcbojM3mbGjURrQJF2": {
      "name": "ConnectBTC",
      "link": "https://www.connectbtc.com/"
    },
    "1KTNEBhQdj81UhDkJaoe3r8VtAsrnmpmnS": {
      "name": "MegaBigPower",
      "link": "https://megabigpower.com/"
    },
    "1KsFhYKLs8qb1GHqrPxHoywNQpet2CtP9t": {
      "name": "Bixin",
      "link": "https://haopool.com/"
    },
    "1LTGvTjDxiy5S9YcKEE9Lb7xSpZcPSqinw": {
      "name": "AntPool",
      "link": "https://www.antpool.com/"
    },
    "1LXWA3EEEwPixQcyFWXKX2hWHpkDoLknZW": {
      "name": "Telco 214",
      "link": "https://www.telco214.com"
    },
    "1LsFmhnne74EmU4q4aobfxfrWY4wfMVd8w": {
      "name": "tiger",
      "link": ""
    },
    "1M1Xw2rczxkF3p3wiNHaTmxvbpZZ7M6vaa": {
      "name": "Poolin",
      "link": "https://www.poolin.com/"
    },
    "1MFsp2txCPwMMBJjNNeKaduGGs8Wi1Ce7X": {
      "name": "A-XBT",
      "link": "https://www.a-xbt.com/"
    },
    "1MPxhNkSzeTNTHSZAibMaS8HS1esmUL1ne": {
      "name": "Eobot",
      "link": "https://eobot.com/"
    },
    "1MeffGLauEj2CZ18hRQqUauTXb9JAuLbGw": {
      "name": "Multipool",
      "link": "https://www.multipool.us/"
    },
    "1MimPd6LrPKGftPRHWdfk8S3KYBfN4ELnD": {
      "name": "digitalBTC",
      "link": "https://digitalbtc.com/"
    },
    "1MkCDCzHpBsYQivp8MxjY5AkTGG1f2baoe": {
      "name": "Luxor",
      "link": "https://mining.luxor.tech"
    },
    "1MoYfV4U61wqTPTHCyedzFmvf2o3uys2Ua": {
      "name": "Telco 214",
      "link": "https://www.telco214.com"
    },
    "1MvYASoHjqynMaMnP7SBmenyEWiLsTqoU6": {
      "name": "Huobi Pool",
      "link": "https://www.hpt.com/"
    },
    "1NS4gbx1G2D5rc9PnvVsPys12nKxGiQg72": {
      "name": "AntPool",
      "link": "https://www.antpool.com/"
    },
    "1NY15MK947MLzmPUa2gL7UgyR8prLh2xfu": {
      "name": "digitalX Mintsy",
      "link": "https://www.mintsy.co/"
    },
    "1Nd99aNgYWpKkqcqSMgWtdtVDadewAS5F7": {
      "name": "BitFury",
      "link": "https://bitfury.com/"
    },
    "1Nh7uHdvY6fNwtQtM1G5EZAFPLC33B59rB": {
      "name": "AntPool",
      "link": "https://www.antpool.com/"
    },
    "1Nsvmnv8VcTMD643xMYAo35Aco3XA5YPpe": {
      "name": "Polmine",
      "link": "https://polmine.pl/"
    },
    "1P4B6rx1js8TaEDXvZvtrkiEb9XrJgMQ19": {
      "name": "Telco 214",
      "link": "https://www.telco214.com"
    },
    "1PtT8a79X2CbFSqwX2nCZjrvqaGRgfLxbz": {
      "name": "Poolin",
      "link": "https://www.poolin.com/"
    },
    "1PzVut5X6Nx7Mv4JHHKPtVM9Jr9LJ4Rbry": {
      "name": "BlockFills",
      "link": "https://www.blockfills.com/mining/"
    },
    "1QEiAhdHdMhBgVbDM7zUXWGkNhgEEJ6uLd": {
      "name": "ArkPool",
      "link": ""
    },
    "1Sjj2cPC3rTWcSTEYDeu2f3BavLosog4T": {
      "name": "AntPool",
      "link": "https://www.antpool.com/"
    },
    "1jKSjMLnDNup6NPgCjveeP9tUn4YpT94Y": {
      "name": "BTCMP",
      "link": "https://www.btcmp.com/"
    },
    "1jLVpwtNMfXWaHY4eiLDmGuBxokYLgv1X": {
      "name": "AntPool",
      "link": "https://www.antpool.com/"
    },
    "1qtKetXKgqa7j1KrB19HbvfRiNUncmakk": {
      "name": "transactioncoinmining",
      "link": "https://sha256.transactioncoinmining.com/"
    },
    "32P5KVSbZYAkVmSHxDd2oBXaSk372rbV7L": {
      "name": "Terra Pool",
      "link": "https://terrapool.io/"
    },
    "33SAB6pzbhEGPbfY6NVgRDV7jVfspZ3A3Z": {
      "name": "Carbon Negative (unidentified)",
      "link": "https://github.com/0xB10C/known-mining-pools/issues/48"
    },
    "33TbzA5AMiTKUCmeVEdsnTj3GiVXuavCAH": {
      "name": "Poolin",
      "link": "https://www.poolin.com/"
    },
    "34Jpa4Eu3ApoPVUKNTN2WeuXVVq1jzxgPi": {
      "name": "Lubian.com",
      "link": "https://www.lubian.com/"
    },
    "34qkc2iac6RsyxZVfyE2S5U5WcRsbg2dpK": {
      "name": "BTC.com",
      "link": "https://pool.btc.com"
    },
    "35qGBQsRQb8CSUzcSWktMykeA6zm5iCEJJ": {
      "name": "Poolin",
      "link": "https://www.poolin.com/"
    },
    "35y82tEPDa2wm6tzkEacMG8GPPW7zbMj83": {
      "name": "Rawpool",
      "link": "https://www.rawpool.com"
    },
    "36cWgjEtxQSFgbHTJDw5AB96ZX7fJk1URd": {
      "name": "BTC.com",
      "link": "https://pool.btc.com"
    },
    "36n452uGq1x4mK7bfyZR8wgE47AnBb2pzi": {
      "name": "Poolin",
      "link": "https://www.poolin.com/"
    },
    "38u1srayb1oybVB43UWKBJsrwJbdHGtPx2": {
      "name": "SpiderPool",
      "link": "https://www.spiderpool.com/"
    },
    "39m5Wvn9ZqyhYmCYpsyHuGMt5YYw4Vmh1Z": {
      "name": "BytePool",
      "link": "https://www.bytepool.com/"
    },
    "3A2dwyVPbZc41vvmJVYxYsrkvNKnz2B4wN": {
      "name": "Poolin",
      "link": "https://www.poolin.com/"
    },
    "3Bmb9Jig8A5kHdDSxvDZ6eryj3AXd3swuJ": {
      "name": "NovaBlock",
      "link": "https://novablock.com"
    },
    "3CLigLYNkrtoNgNcUwTaKoUSHCwr9W851W": {
      "name": "Rawpool",
      "link": "https://www.rawpool.com"
    },
    "3D72db1KMCnj7FL7MBsmxTw81z2bVu4UN5": {
      "name": "MARA Pool",
      "link": "https://marathondh.com/"
    },
    "3DXfeMBimuvN3TWnQXDhr47P8M8yxMy9Pd": {
      "name": "Poolin",
      "link": "https://www.poolin.com/"
    },
    "3EhLZarJUNSfV6TWMZY1Nh5mi3FMsdHa5U": {
      "name": "BTC.com",
      "link": "https://pool.btc.com"
    },
    "3GvEGtnvgeBJ3p3EpdZhvUkxY4pDARkbjd": {
      "name": "Bitfarms",
      "link": "https://www.bitfarms.io/"
    },
    "3HuobiNg2wHjdPU2mQczL9on8WF7hZmaGd": {
      "name": "Huobi Pool",
      "link": "https://www.hpt.com/"
    },
    "3JQSigWTCHyBLRD979JWgEtWP5YiiFwcQB": {
      "name": "Poolin",
      "link": "https://www.poolin.com/"
    },
    "3KJrsjfg1dD6CrsTeHdHVH3KqMpvL2XWQn": {
      "name": "Poolin",
      "link": "https://www.poolin.com/"
    },
    "3LC8dDKyBsrWPfzhXyt7aAyjXxGYkfDdHu": {
      "name": "MARA Pool",
      "link": "https://marathondh.com/"
    },
    "3NA8hsjfdgVkmmVS9moHmkZsVCoLxUkvvv": {
      "name": "BTC.com",
      "link": "https://pool.btc.com"
    },
    "3P8sR3K8wAk3bom7tqpr5VrzCz9TVYNTQd": {
      "name": "CKPool",
      "link": "https://ckpool.org"
    },
    "3QLeXx1J9Tp3TBnQyHrhVxne9KqkAS9JSR": {
      "name": "CN/TT",
      "link": ""
    },
    "3QYvfQoG9Gs9Vfvbpw6947muSqhoGagvF6": {
      "name": "Rawpool",
      "link": "https://www.rawpool.com"
    },
    "bc1q7wedv4zdu5smt3shljpu5mgns48jn299mukymc": {
      "name": "F2Pool",
      "link": "https://www.f2pool.com/"
    },
    "bc1qf274x7penhcd8hsv3jcmwa5xxzjl2a6pa9pxwm": {
      "name": "F2Pool",
      "link": "https://www.f2pool.com/"
    },
    "bc1qjl8uwezzlech723lpnyuza0h2cdkvxvh54v3dn": {
      "name": "BTC.com",
      "link": "https://pool.btc.com"
    },
    "bc1qwlrsvgtn99rqp3fgaxq6f6jkgms80rnej0a8tc": {
      "name": "TogetherPool",
      "link": "https://www.togetherpool.com"
    },
    "bc1qx9t2l3pyny2spqpqlye8svce70nppwtaxwdrp4": {
      "name": "Binance Pool",
      "link": "https://pool.binance.com/"
    }
  },
  "coinbase_tags": {
    "--Nug--": {
      "name": "shawnp0wers",
      "link": "https://www.brainofshawn.com"
    },
    "/$Mined by 7pool.com/": {
      "name": "7pool",
      "link": "https://7pool.com/"
    },
    "/1THash&58COIN/": {
      "name": "1THash",
      "link": "https://www.1thash.top"
    },
    "/1THash/": {
      "name": "1THash",
      "link": "https://www.1thash.top"
    },
    "/2cDw/": {
      "name": "Foundry USA",
      "link": "https://foundrydigital.com/"
    },
    "/58coin.com/": {
      "name": "58COIN",
      "link": "https://www.58coin.com"
    },
    "/A-XBT/": {
      "name": "A-XBT",
      "link": "https://www.a-xbt.com/"
    },
    "/AntPool/": {
      "name": "AntPool",
      "link": "https://www.antpool.com/"
    },
    "/ArkPool/": {
      "name": "ArkPool",
      "link": ""
    },
    "/BATPOOL/": {
      "name": "BATPOOL",
      "link": "https://www.batpool.com/"
    },
    "/BCMonster/": {
      "name": "BCMonster",
      "link": "https://www.bcmonster.com"
    },
    "/BTC.COM/": {
      "name": "BTC.com",
      "link": "https://pool.btc.com"
    },
    "/BTC.TOP/": {
      "name": "BTC.TOP",
      "link": "https://www.btc.top/"
    },
    "/BTC.com/": {
      "name": "BTC.com",
      "link": "https://pool.btc.com"
    },
    "/BTCC/": {
      "name": "BTCC",
      "link": "https://pool.btcc.com/"
    },
    "/BTPOOL/": {
      "name": "BTPOOL",
      "link": ""
    },
    "/Binance/": {
      "name": "Binance Pool",
      "link": "https://pool.binance.com/"
    },
    "/BitClub Network/": {
      "name": "BitClub",
      "link": "https://bitclubpool.com/"
    },
    "/BitFury/": {
      "name": "BitFury",
      "link": "https://bitfury.com/"
    },
    "/Bitcoin-India/": {
      "name": "Bitcoin India",
      "link": "https://bitcoin-india.org"
    },
    "/Bitcoin-Russia.ru/": {
      "name": "BitcoinRussia",
      "link": "https://bitcoin-russia.ru"
    },
    "/Bitcoin-Ukraine.com.ua/": {
      "name": "Bitcoin-Ukraine",
      "link": "https://bitcoin-ukraine.com.ua/"
    },
    "/Bitfury/": {
      "name": "BitFury",
      "link": "https://bitfury.com/"
    },
    "/Bixin/": {
      "name": "Bixin",
      "link": "https://haopool.com/"
    },
    "/Buffett/": {
      "name": "Lubian.com",
      "link": "https://www.lubian.com/"
    },
    "/CANOE/": {
      "name": "CanoePool",
      "link": "https://www.canoepool.com/"
    },
    "/ConnectBTC - Home for Miners/": {
      "name": "ConnectBTC",
      "link": "https://www.connectbtc.com/"
    },
    "/DCEX/": {
      "name": "DCEX",
      "link": "https://dcexploration.cn"
    },
    "/DCExploration/": {
      "name": "DCExploration",
      "link": "https://dcexploration.cn"
    },
    "/DPOOL.TOP/": {
      "name": "DPOOL",
      "link": "https://www.dpool.top/"
    },
    "/E2M & BTC.TOP/": {
      "name": "WAYI.CN",
      "link": "http://www.easy2mine.com/"
    },
    "/E2M/": {
      "name": "WAYI.CN",
      "link": "http://www.easy2mine.com/"
    },
    "/HaoBTC/": {
      "name": "Bixin",
      "link": "https://haopool.com/"
    },
    "/Helix/": {
      "name": "Helix",
      "link": ""
    },
    "/HotPool/": {
      "name": "HotPool",
      "link": "https://hotpool.co/"
    },
    "/HuoBi/": {
      "name": "Huobi Pool",
      "link": "https://www.hpt.com/"
    },
    "/Huobi/": {
      "name": "Huobi Pool",
      "link": "https://www.hpt.com/"
    },
    "/LUXOR/": {
      "name": "Luxor",
      "link": "https://mining.luxor.tech"
    },
    "/Mined by HashBX.io/": {
      "name": "HashBX",
      "link": "https://hashbx.io"
    },
    "/Minerium.com/": {
      "name": "Minerium",
      "link": "https://www.minerium.com/"
    },
    "/Nexious/": {
      "name": "Nexious",
      "link": "https://nexious.com/"
    },
    "/NiceHashSolo": {
      "name": "NiceHash",
      "link": "https://solo.nicehash.com/"
    },
    "/NovaBlock/": {
      "name": "NovaBlock",
      "link": "https://novablock.com"
    },
    "/Rawpool.com/": {
      "name": "Rawpool.com",
      "link": "https://www.rawpool.com/"
    },
    "/RigPool.com/": {
      "name": "RigPool",
      "link": "https://www.rigpool.com"
    },
    "/SBICrypto.com Pool/": {
      "name": "SBI Crypto",
      "link": "https://www.sbicrypto.com"
    },
    "/SecretSuperstar/": {
      "name": "SecretSuperstar",
      "link": ""
    },
    "/Sigmapool.com/": {
      "name": "Sigmapool.com",
      "link": "https://sigmapool.com/"
    },
    "/SpiderPool/": {
      "name": "SpiderPool",
      "link": "https://www.spiderpool.com/"
    },
    "/TMSPOOL/": {
      "name": "TMSPool",
      "link": "https://btc.tmspool.top"
    },
    "/Tangpool/": {
      "name": "Tangpool",
      "link": "https://www.tangpool.com/"
    },
    "/ViaBTC/": {
      "name": "ViaBTC",
      "link": "https://viabtc.com"
    },
    "/ViaBTC/TATMAS Pool/": {
      "name": "TATMAS Pool",
      "link": "https://tmsminer.com/"
    },
    "/WATERHOLE.IO/": {
      "name": "Waterhole",
      "link": "https://btc.waterhole.io/"
    },
    "/agentD/": {
      "name": "digitalBTC",
      "link": "https://digitalbtc.com/"
    },
    "/bravo-mining/": {
      "name": "Bravo Mining",
      "link": "https://www.bravo-mining.com/"
    },
    "/bytepool.com/": {
      "name": "BytePool",
      "link": "https://www.bytepool.com/"
    },
    "/canoepool/": {
      "name": "CanoePool",
      "link": "https://www.canoepool.com/"
    },
    "/ckpool.org/": {
      "name": "CKPool",
      "link": "https://ckpool.org"
    },
    "/haominer/": {
      "name": "haominer",
      "link": "https://haominer.com/"
    },
    "/haozhuzhu/": {
      "name": "HAOZHUZHU",
      "link": "https://haozhuzhu.com"
    },
    "/hash.okkong.com/": {
      "name": "OKKONG",
      "link": "https://hash.okkong.com"
    },
    "/lubian.com/": {
      "name": "Lubian.com",
      "link": "https://www.lubian.com/"
    },
    "/mined by gbminers/": {
      "name": "GBMiners",
      "link": "https://gbminers.com/"
    },
    "/mined by poopbut/": {
      "name": "MiningKings",
      "link": "https://miningkings.com/"
    },
    "/mtred/": {
      "name": "Mt Red",
      "link": "https://mtred.com/"
    },
    "/one_more_mcd/": {
      "name": "EMCDPool",
      "link": "https://pool.emcd.io"
    },
    "/pegapool/": {
      "name": "Pega Pool",
      "link": "https://www.pega-pool.com/"
    },
    "/phash.cn/": {
      "name": "PHash.IO",
      "link": "https://phash.io"
    },
    "/phash.io/": {
      "name": "PHash.IO",
      "link": "https://phash.io"
    },
    "/pool34/": {
      "name": "21 Inc.",
      "link": "https://21.co/"
    },
    "/poolin": {
      "name": "Poolin",
      "link": "https://www.poolin.com/"
    },
    "/poolin.com": {
      "name": "Poolin",
      "link": "https://www.poolin.com/"
    },
    "/slush/": {
      "name": "SlushPool",
      "link": "https://slushpool.com/"
    },
    "/solo.ckpool.org/": {
      "name": "Solo CK",
      "link": "https://solo.ckpool.org/"
    },
    "/tigerpool.net": {
      "name": "tigerpool.net",
      "link": ""
    },
    "/ultimus/": {
      "name": "Ultimus Pool",
      "link": "https://www.ultimuspool.com/en"
    },
    "/www.okex.com/": {
      "name": "OKExPool",
      "link": "https://www.okex.com/"
    },
    "/www.okpool.top/": {
      "name": "okpool.top",
      "link": "https://www.okpool.top"
    },
    "/八宝池 8baochi.com/": {
      "name": "8baochi",
      "link": "https://8baochi.com/"
    },
    "50BTC": {
      "name": "50BTC",
      "link": "https://www.50btc.com/"
    },
    "ASICMiner": {
      "name": "ASICMiner",
      "link": "https://www.asicminer.co"
    },
    "BITFARMS": {
      "name": "Bitfarms",
      "link": "https://www.bitfarms.io/"
    },
    "BTC Guild": {
      "name": "BTC Guild",
      "link": "https://www.btcguild.com/"
    },
    "BTCChina Pool": {
      "name": "BTCC",
      "link": "https://pool.btcc.com/"
    },
    "BTCChina.com": {
      "name": "BTCC",
      "link": "https://pool.btcc.com/"
    },
    "BTCPool": {
      "name": "BTCPool (unidentified)",
      "link": "https://github.com/0xB10C/known-mining-pools/issues/28"
    },
    "BW Pool": {
      "name": "BWPool",
      "link": "https://bwpool.net/"
    },
    "BWPool": {
      "name": "BWPool",
      "link": "https://bwpool.net/"
    },
    "BitMinter": {
      "name": "BitMinter",
      "link": "https://bitminter.com/"
    },
    "Bitalo": {
      "name": "Bitalo",
      "link": "https://bitalo.com/mining"
    },
    "Bitdeer": {
      "name": "Bitdeer",
      "link": "https://www.bitdeer.com/"
    },
    "Bitsolo Pool": {
      "name": "Bitsolo",
      "link": "https://bitsolo.net/"
    },
    "BlockfillsPool": {
      "name": "BlockFills",
      "link": "https://www.blockfills.com/mining/"
    },
    "CoinLab": {
      "name": "CoinLab",
      "link": "https://coinlab.com/"
    },
    "EMC": {
      "name": "EclipseMC",
      "link": "https://eclipsemc.com/"
    },
    "Eligius": {
      "name": "Eligius",
      "link": "https://eligius.st/"
    },
    "Foundry USA Pool": {
      "name": "Foundry USA",
      "link": "https://foundrydigital.com/"
    },
    "Give-Me-Coins": {
      "name": "Give Me Coins",
      "link": "https://give-me-coins.com/"
    },
    "HAOBTC": {
      "name": "Bixin",
      "link": "https://haopool.com/"
    },
    "HASHPOOL": {
      "name": "HASHPOOL",
      "link": "https://hashpool.com/"
    },
    "HHTT": {
      "name": "HHTT",
      "link": "https://hhtt.1209k.com/"
    },
    "HummerPool": {
      "name": "Hummerpool",
      "link": "https://www.hummerpool.com"
    },
    "Hummerpool": {
      "name": "Hummerpool",
      "link": "https://www.hummerpool.com"
    },
    "Kano": {
      "name": "KanoPool",
      "link": "https://kano.is/"
    },
    "KnCMiner": {
      "name": "KnCMiner",
      "link": "https://portal.kncminer.com/pool"
    },
    "KuCoinPool": {
      "name": "KuCoin Pool",
      "link": "https://www.kucoin.com/mining-pool"
    },
    "MARA Pool": {
      "name": "MARA Pool",
      "link": "https://marathondh.com/"
    },
    "MaxBTC": {
      "name": "MaxBTC",
      "link": "https://maxbtc.com/"
    },
    "Mined By 175btc.com": {
      "name": "175btc",
      "link": "https://www.175btc.com/"
    },
    "Mined By AntPool": {
      "name": "AntPool",
      "link": "https://www.antpool.com/"
    },
    "Mined by 1hash.com": {
      "name": "1Hash",
      "link": "https://www.1hash.com/"
    },
    "Mined by AntPool": {
      "name": "AntPool",
      "link": "https://www.antpool.com/"
    },
    "Mined by MultiCoin.co": {
      "name": "MultiCoin.co",
      "link": "https://multicoin.co"
    },
    "MiningCity": {
      "name": "MiningCity",
      "link": "https://www.miningcity.com/"
    },
    "SBI Crypto": {
      "name": "SBI Crypto",
      "link": "https://www.sbicrypto.com"
    },
    "SBICrypto": {
      "name": "SBI Crypto",
      "link": "https://www.sbicrypto.com"
    },
    "TBDice": {
      "name": "TBDice",
      "link": "https://tbdice.org/"
    },
    "Titan.io": {
      "name": "Titan",
      "link": "https://www.titan.io/"
    },
    "TogetherPool": {
      "name": "TogetherPool",
      "link": "https://www.togetherpool.com"
    },
    "Triplemining.com": {
      "name": "TripleMining",
      "link": "https://www.triplemining.com/"
    },
    "Ukrpool.com": {
      "name": "UKRPool",
      "link": "https://ukrpool.com/"
    },
    "bcpool.io": {
      "name": "bcpool.io",
      "link": "https://bcpool.io/"
    },
    "binance.com/": {
      "name": "Binance Pool",
      "link": "https://pool.binance.com/"
    },
    "binance/": {
      "name": "Binance Pool",
      "link": "https://pool.binance.com/"
    },
    "bitcoinaffiliatenetwork.com": {
      "name": "Bitcoin Affiliate Network",
      "link": "https://mining.bitcoinaffiliatenetwork.com/"
    },
    "bitparking": {
      "name": "Bitparking",
      "link": "https://mmpool.bitparking.com/"
    },
    "btcchina.com": {
      "name": "BTCC",
      "link": "https://pool.btcc.com/"
    },
    "btccom": {
      "name": "BTC.com",
      "link": "https://pool.btc.com"
    },
    "btcserv": {
      "name": "BTCServ",
      "link": "https://btcserv.net/"
    },
    "by polmine.pl": {
      "name": "Polmine",
      "link": "https://polmine.pl/"
    },
    "bypmneU": {
      "name": "Polmine",
      "link": "https://polmine.pl/"
    },
    "ckpool": {
      "name": "CKPool",
      "link": "https://ckpool.org"
    },
    "cointerra": {
      "name": "Cointerra",
      "link": "https://cointerra.com/"
    },
    "ghash.io": {
      "name": "GHash.IO",
      "link": "https://ghash.io/"
    },
    "megabigpower.com": {
      "name": "MegaBigPower",
      "link": "https://megabigpower.com/"
    },
    "mmpool": {
      "name": "mmpool",
      "link": "https://mmpool.org/pool"
    },
    "myBTCcoin Pool": {
      "name": "myBTCcoin Pool",
      "link": "https://www.mybtccoin.com/"
    },
    "nmcbit.com": {
      "name": "NMCbit",
      "link": "https://nmcbit.com/"
    },
    "ozco.in": {
      "name": "OzCoin",
      "link": "https://ozcoin.net/"
    },
    "ozcoin": {
      "name": "OzCoin",
      "link": "https://ozcoin.net/"
    },
    "pool.bitcoin.com": {
      "name": "Bitcoin.com",
      "link": "https://www.bitcoin.com/"
    },
    "simplecoin": {
      "name": "simplecoin.us",
      "link": "https://simplecoin.us/"
    },
    "st mining corp": {
      "name": "ST Mining Corp",
      "link": "https://bitcointalk.org/index.php?topic=77000.msg3207708#msg3207708"
    },
    "terrapool.io": {
      "name": "Terra Pool",
      "link": "https://terrapool.io/"
    },
    "triplemining": {
      "name": "TripleMining",
      "link": "https://www.triplemining.com/"
    },
    "viabtc.com deploy": {
      "name": "ViaBTC",
      "link": "https://viabtc.com"
    },
    "xbtc.exx.com&bw.com": {
      "name": "EXX&BW",
      "link": "https://xbtc.exx.com/"
    },
    "yourbtc.net": {
      "name": "Yourbtc.net",
      "link": "https://yourbtc.net/"
    },
    "七彩神仙鱼": {
      "name": "F2Pool",
      "link": "https://www.f2pool.com/"
    },
    "🐟": {
      "name": "F2Pool",
      "link": "https://www.f2pool.com/"
    }
  }
}